<?xml version="1.0" encoding="UTF-8" standalone="yes" ?>
<CodeBlocks_plugin_manifest_file>
    <SdkVersion major="1" minor="11"  release="12" />
    <Plugin name="wxSmithLed">
        <Value title="wxSmithLed" />
        <Value version="0.1" />
        <Value description="" />
        <Value author="Jonas Zinn" />
        <Value authorEmail="pestratte@web.de" />
        <Value authorWebsite="" />
        <Value thanksTo="" />
        <Value license="GPL" />
    </Plugin>
</CodeBlocks_plugin_manifest_file>
